País,Año_min,Año_max,Años_span,Años_únicos,Continuidad_%,N_productos,N_elementos,N_combos_prod_elem,Cobertura_productos_%,Cobertura_elementos_%,Registros_totales,Densidad_datos_%,Registros_pre1990,Registros_post1990,Tiene_pre1990,Tiene_post1990
Afganistán,1961,2022,62,62,100.0,40,9,216,93.02325581395348,100.0,9245,69.03375149342891,2088,7157,True,True
Albania,1961,2022,62,62,100.0,41,9,227,95.34883720930233,100.0,9904,70.37089668892995,2059,7845,True,True
Alemania,1961,2022,62,62,100.0,41,9,228,95.34883720930233,100.0,11043,78.11969439728354,2001,9042,True,True
Andorra,1961,2022,62,62,100.0,30,7,149,69.76744186046511,77.77777777777779,5278,57.13357869668759,319,4959,True,True
Angola,1961,2022,62,62,100.0,41,9,219,95.34883720930233,100.0,9127,67.21903078509354,1972,7155,True,True
Anguila,1961,2022,62,62,100.0,27,6,135,62.7906976744186,66.66666666666666,4687,55.997610513739545,232,4455,True,True
Antigua y Barbuda,1961,2022,62,62,100.0,39,9,209,90.69767441860465,100.0,8463,65.311004784689,1715,6748,True,True
Antillas Neerlandesas (ex),1961,2010,50,50,100.0,29,6,138,67.44186046511628,66.66666666666666,3130,45.36231884057971,232,2898,True,True
Arabia Saudita,1961,2022,62,62,100.0,42,9,226,97.67441860465115,100.0,9561,68.23437053953754,1974,7587,True,True
Argelia,1961,2022,62,62,100.0,42,9,229,97.67441860465115,100.0,9774,68.84068178616707,2088,7686,True,True
Argentina,1961,2022,62,62,100.0,42,9,228,97.67441860465115,100.0,9872,69.83588002263724,2030,7842,True,True
Armenia,1992,2022,31,31,100.0,40,9,224,93.02325581395348,100.0,7234,104.17626728110598,0,7234,False,True
Aruba,1961,2022,62,62,100.0,37,9,194,86.04651162790698,100.0,5320,44.230129697372796,232,5088,True,True
"Ascensión, Santa Elena y Tristán de Acuña",1961,2022,62,62,100.0,32,8,168,74.4186046511628,88.88888888888889,5735,55.05952380952381,232,5503,True,True
Australia,1961,2022,62,62,100.0,42,9,232,97.67441860465115,100.0,11794,81.99388209121246,2088,9706,True,True
Austria,1961,2022,62,62,100.0,40,9,226,93.02325581395348,100.0,11137,79.48187268055952,2001,9136,True,True
Azerbaiyán,1992,2022,31,31,100.0,41,9,230,95.34883720930233,100.0,7742,108.58345021037867,0,7742,False,True
Bahamas,1961,2022,62,62,100.0,39,9,209,90.69767441860465,100.0,8762,67.61845963883314,1885,6877,True,True
Bahrein,1961,2022,62,62,100.0,40,9,216,93.02325581395348,100.0,8880,66.30824372759857,1636,7244,True,True
Bangladesh,1961,2022,62,62,100.0,42,9,224,97.67441860465115,100.0,9516,68.51958525345621,2001,7515,True,True
Barbados,1961,2022,62,62,100.0,39,9,208,90.69767441860465,100.0,8762,67.94354838709677,1856,6906,True,True
Belarús,1992,2022,31,31,100.0,41,9,230,95.34883720930233,100.0,8535,119.7054698457223,0,8535,False,True
Bélgica,2000,2022,23,23,100.0,40,9,227,93.02325581395348,100.0,6206,118.86611760199195,0,6206,False,True
Bélgica-Luxemburgo,1961,1999,39,39,100.0,35,9,190,81.3953488372093,100.0,3901,52.64507422402159,2001,1900,True,True
Belice,1961,2022,62,62,100.0,40,9,216,93.02325581395348,100.0,9235,68.95908004778973,2001,7234,True,True
Benin,1961,2022,62,62,100.0,41,9,220,95.34883720930233,100.0,9491,69.58211143695014,2001,7490,True,True
Bermudas,1961,2022,62,62,100.0,32,9,175,74.4186046511628,100.0,6124,56.44239631336405,435,5689,True,True
Bhután,1961,2022,62,62,100.0,40,9,213,93.02325581395348,100.0,9007,68.20384673633197,1972,7035,True,True
Bolivia (Estado Plurinacional de),1961,2022,62,62,100.0,42,9,224,97.67441860465115,100.0,9465,68.15236175115207,2001,7464,True,True
Bosnia y Herzegovina,1992,2022,31,31,100.0,41,9,226,95.34883720930233,100.0,7252,103.51127604910077,0,7252,False,True
Botswana,1961,2022,62,62,100.0,40,9,216,93.02325581395348,100.0,9191,68.6305256869773,1885,7306,True,True
Brasil,1961,2022,62,62,100.0,42,9,228,97.67441860465115,100.0,10456,73.96717600452745,2030,8426,True,True
Brunei Darussalam,1961,2022,62,62,100.0,41,9,222,95.34883720930233,100.0,9259,67.2696890438826,2001,7258,True,True
Bulgaria,1961,2022,62,62,100.0,42,9,233,97.67441860465115,100.0,11516,79.71756887719785,2088,9428,True,True
Burkina Faso,1961,2022,62,62,100.0,40,9,214,93.02325581395348,100.0,9094,68.54085016581249,2001,7093,True,True
Burundi,1961,2022,62,62,100.0,40,9,214,93.02325581395348,100.0,9240,69.64124208622249,2088,7152,True,True
Cabo Verde,1961,2022,62,62,100.0,39,9,211,90.69767441860465,100.0,8862,67.74193548387096,1914,6948,True,True
Camboya,1961,2022,62,62,100.0,40,9,215,93.02325581395348,100.0,9259,69.45986496624155,2001,7258,True,True
Camerún,1961,2022,62,62,100.0,41,9,219,95.34883720930233,100.0,9346,68.83193401089999,1972,7374,True,True
Canadá,1961,2022,62,62,100.0,41,9,227,95.34883720930233,100.0,11070,78.65567713514282,1943,9127,True,True
Chad,1961,2022,62,62,100.0,40,9,213,93.02325581395348,100.0,9077,68.73390882932,1972,7105,True,True
Checoslovaq,1961,1992,32,32,100.0,40,9,220,93.02325581395348,100.0,2673,37.96875,2001,672,True,True
Chequia,1993,2022,30,30,100.0,41,9,228,95.34883720930233,100.0,8105,118.49415204678363,0,8105,False,True
Chile,1961,2022,62,62,100.0,42,9,228,97.67441860465115,100.0,9843,69.63073005093379,2030,7813,True,True
China,1961,2022,62,62,100.0,42,9,230,97.67441860465115,100.0,9930,69.63534361851332,2088,7842,True,True
"China, Continental",1961,2022,62,62,100.0,42,9,232,97.67441860465115,100.0,9951,69.18103448275862,2088,7863,True,True
"China, RAE de Hong Kong",1961,2022,62,62,100.0,39,9,219,90.69767441860465,100.0,9017,66.40889674473412,1885,7132,True,True
"China, RAE de Macao",1961,2022,62,62,100.0,32,9,185,74.4186046511628,100.0,7352,64.0976460331299,1247,6105,True,True
"China, Taiwán provincia de",1961,2022,62,62,100.0,40,9,223,93.02325581395348,100.0,9423,68.15420222768697,1914,7509,True,True
Chipre,1961,2022,62,62,100.0,40,9,223,93.02325581395348,100.0,10854,78.504267322436,1943,8911,True,True
Colombia,1961,2022,62,62,100.0,42,9,228,97.67441860465115,100.0,10571,74.78070175438597,2030,8541,True,True
Comoras,1961,2022,62,62,100.0,40,9,212,93.02325581395348,100.0,8672,65.97687157638467,1943,6729,True,True
Congo,1961,2022,62,62,100.0,40,9,214,93.02325581395348,100.0,9158,69.02321374736208,2001,7157,True,True
Costa Rica,1961,2022,62,62,100.0,41,9,222,95.34883720930233,100.0,9622,69.90700377797152,2001,7621,True,True
Côte d'Ivoire,1961,2022,62,62,100.0,41,9,219,95.34883720930233,100.0,9394,69.18544704669318,1972,7422,True,True
Croacia,1992,2022,31,31,100.0,41,9,230,95.34883720930233,100.0,8693,121.92145862552594,0,8693,False,True
Cuba,1961,2022,62,62,100.0,42,9,227,97.67441860465115,100.0,9767,69.3974705130027,2030,7737,True,True
Dinamarca,1961,2022,62,62,100.0,40,9,226,93.02325581395348,100.0,11199,79.92435055666571,2001,9198,True,True
Djibouti,1961,2022,62,62,100.0,39,9,207,90.69767441860465,100.0,8484,66.10565684899485,1616,6868,True,True
Dominica,1961,2022,62,62,100.0,38,9,207,88.37209302325581,100.0,8876,69.16004363409694,1914,6962,True,True
Ecuador,1961,2022,62,62,100.0,40,9,218,93.02325581395348,100.0,9318,68.94051494525007,2030,7288,True,True
Egipto,1961,2022,62,62,100.0,42,9,226,97.67441860465115,100.0,9548,68.14159292035397,2030,7518,True,True
El Salvador,1961,2022,62,62,100.0,41,9,221,95.34883720930233,100.0,9309,67.93898700919574,1972,7337,True,True
Emiratos Árabes Unidos,1961,2022,62,62,100.0,38,9,213,88.37209302325581,100.0,8883,67.26487960018174,1732,7151,True,True
Eritrea,1993,2022,30,30,100.0,39,9,207,90.69767441860465,100.0,6200,99.8389694041868,0,6200,False,True
Eslovaquia,1993,2022,30,30,100.0,41,9,228,95.34883720930233,100.0,8105,118.49415204678363,0,8105,False,True
Eslovenia,1992,2022,31,31,100.0,41,9,230,95.34883720930233,100.0,8550,119.91584852734923,0,8550,False,True
España,1961,2022,62,62,100.0,42,9,231,97.67441860465115,100.0,11451,79.95391705069125,2030,9421,True,True
Estados Unidos de América,1961,2022,62,62,100.0,42,9,233,97.67441860465115,100.0,11860,82.09885089298076,2088,9772,True,True
Estonia,1992,2022,31,31,100.0,41,9,230,95.34883720930233,100.0,8689,121.86535764375877,0,8689,False,True
Eswatini,1961,2022,62,62,100.0,41,9,216,95.34883720930233,100.0,9286,69.33990442054959,1943,7343,True,True
Etiopía,1993,2022,30,30,100.0,40,9,211,93.02325581395348,100.0,6686,105.62401263823065,0,6686,False,True
Etiopía RDP,1961,1992,32,32,100.0,38,8,199,88.37209302325581,88.88888888888889,2476,38.881909547738694,1885,591,True,True
Federación de Rusia,1992,2022,31,31,100.0,42,9,232,97.67441860465115,100.0,8706,121.0511679644049,0,8706,False,True
Fiji,1961,2022,62,62,100.0,41,9,219,95.34883720930233,100.0,9138,67.30004418912947,1972,7166,True,True
Filipinas,1961,2022,62,62,100.0,42,9,226,97.67441860465115,100.0,9732,69.45475306879817,2030,7702,True,True
Finlandia,1961,2022,62,62,100.0,41,9,229,95.34883720930233,100.0,11381,80.15917734892238,2001,9380,True,True
Francia,1961,2022,62,62,100.0,42,9,233,97.67441860465115,100.0,11754,81.36508376021044,2088,9666,True,True
Gabón,1961,2022,62,62,100.0,41,9,222,95.34883720930233,100.0,9547,69.3621040395234,2030,7517,True,True
Gambia,1961,2022,62,62,100.0,39,9,204,90.69767441860465,100.0,8717,68.91998734977862,1943,6774,True,True
Georgia,1992,2022,31,31,100.0,41,9,225,95.34883720930233,100.0,7537,108.0573476702509,0,7537,False,True
Ghana,1961,2022,62,62,100.0,41,9,220,95.34883720930233,100.0,9787,71.75219941348973,2001,7786,True,True
Gibraltar,1990,2022,33,33,100.0,25,7,117,58.139534883720934,77.77777777777779,3861,100.0,0,3861,False,True
Granada,1961,2022,62,62,100.0,39,9,218,90.69767441860465,100.0,9195,68.03048239124001,2001,7194,True,True
Grecia,1961,2022,62,62,100.0,42,9,233,97.67441860465115,100.0,11674,80.81129724491208,2088,9586,True,True
Groenlandia,1961,2022,62,62,100.0,34,9,184,79.06976744186046,100.0,6644,58.2398316970547,435,6209,True,True
Guadalupe,1961,2022,62,62,100.0,33,8,173,76.74418604651163,88.88888888888889,6396,59.63080365467089,1564,4832,True,True
Guam,1990,2022,33,33,100.0,30,8,157,69.76744186046511,88.88888888888889,5125,98.91912758154795,0,5125,False,True
Guatemala,1961,2022,62,62,100.0,40,9,218,93.02325581395348,100.0,9319,68.94791358390057,2030,7289,True,True
Guayana Francesa,1961,2022,62,62,100.0,35,8,182,81.3953488372093,88.88888888888889,6892,61.07763204537399,1711,5181,True,True
Guinea,1961,2022,62,62,100.0,40,9,216,93.02325581395348,100.0,9195,68.66039426523297,2030,7165,True,True
Guinea Ecuatorial,1961,2022,62,62,100.0,38,9,206,88.37209302325581,100.0,8238,64.50046977763859,1566,6672,True,True
Guinea-Bissau,1961,2022,62,62,100.0,40,9,210,93.02325581395348,100.0,8931,68.59447004608295,1943,6988,True,True
Guyana,1961,2022,62,62,100.0,40,9,212,93.02325581395348,100.0,9211,70.07760194765672,1972,7239,True,True
Haití,1961,2022,62,62,100.0,40,9,213,93.02325581395348,100.0,9139,69.20339239739512,1972,7167,True,True
Honduras,1961,2022,62,62,100.0,41,9,223,95.34883720930233,100.0,9378,67.82872848256906,2001,7377,True,True
Hungría,1961,2022,62,62,100.0,42,9,233,97.67441860465115,100.0,11573,80.11214176934791,2088,9485,True,True
India,1961,2022,62,62,100.0,42,9,230,97.67441860465115,100.0,9947,69.75455820476859,2059,7888,True,True
Indonesia,1961,2022,62,62,100.0,42,9,226,97.67441860465115,100.0,9978,71.21039109334856,2030,7948,True,True
Irán (República Islámica del),1961,2022,62,62,100.0,42,9,227,97.67441860465115,100.0,9530,67.71351428165411,2001,7529,True,True
Iraq,1961,2022,62,62,100.0,42,9,226,97.67441860465115,100.0,9464,67.54210676562946,2001,7463,True,True
Irlanda,1961,2022,62,62,100.0,40,9,226,93.02325581395348,100.0,11166,79.68883813873823,2001,9165,True,True
Isla de Man,1990,2022,33,33,100.0,23,7,109,53.48837209302325,77.77777777777779,3493,97.10870169585766,0,3493,False,True
Isla Norfolk,1990,2022,33,33,100.0,26,8,137,60.46511627906976,88.88888888888889,3250,71.8867507188675,0,3250,False,True
Islandia,1961,2022,62,62,100.0,39,9,219,90.69767441860465,100.0,10637,78.33996170275445,1798,8839,True,True
Islas Anglonormandas,1990,2022,33,33,100.0,16,6,71,37.2093023255814,66.66666666666666,2343,100.0,0,2343,False,True
Islas Caimán,1990,2022,33,33,100.0,31,9,165,72.09302325581395,100.0,5386,98.91643709825529,0,5386,False,True
Islas Cook,1961,2022,62,62,100.0,35,8,180,81.3953488372093,88.88888888888889,7456,66.8100358422939,1508,5948,True,True
Islas Feroe,1961,2022,62,62,100.0,34,9,179,79.06976744186046,100.0,7258,65.39917102180574,1421,5837,True,True
Islas Malvinas (Falkland Islands),1990,2022,33,33,100.0,30,8,160,69.76744186046511,88.88888888888889,5221,98.88257575757575,0,5221,False,True
Islas Marianas del Norte,1991,2022,32,32,100.0,25,6,117,58.139534883720934,66.66666666666666,3726,99.51923076923077,0,3726,False,True
Islas Marshall,1991,2022,32,32,100.0,31,7,157,72.09302325581395,77.77777777777779,4772,94.98407643312102,0,4772,False,True
Islas Salomón,1961,2022,62,62,100.0,40,9,210,93.02325581395348,100.0,8650,66.43625192012288,1812,6838,True,True
Islas Svalbard y Jan Mayen,1990,2022,33,33,100.0,15,6,74,34.883720930232556,66.66666666666666,2442,100.0,0,2442,False,True
Islas Turcas y Caicos,1961,2022,62,62,100.0,30,7,140,69.76744186046511,77.77777777777779,4852,55.89861751152074,232,4620,True,True
Islas Vírgenes Británicas,1961,2022,62,62,100.0,32,9,173,74.4186046511628,100.0,5900,55.0065261980235,232,5668,True,True
Islas Vírgenes de los Estados Unidos,1990,2022,33,33,100.0,29,9,151,67.44186046511628,100.0,4634,92.99618703592213,0,4634,False,True
Islas Wallis y Futuna,1990,2022,33,33,100.0,31,8,164,72.09302325581395,88.88888888888889,5361,99.05764966740577,0,5361,False,True
Israel,1961,2022,62,62,100.0,41,9,225,95.34883720930233,100.0,9829,70.45878136200717,1914,7915,True,True
Italia,1961,2022,62,62,100.0,42,9,234,97.67441860465115,100.0,11725,80.8174800110284,2088,9637,True,True
Jamaica,1961,2022,62,62,100.0,41,9,224,95.34883720930233,100.0,9668,69.61405529953917,2030,7638,True,True
Japón,1961,2022,62,62,100.0,42,9,230,97.67441860465115,100.0,11517,80.76437587657784,2030,9487,True,True
Jordania,1961,2022,62,62,100.0,41,9,222,95.34883720930233,100.0,9351,67.93809938971229,1914,7437,True,True
Kazajstán,1992,2022,31,31,100.0,42,9,232,97.67441860465115,100.0,8663,120.45328142380423,0,8663,False,True
Kenya,1961,2022,62,62,100.0,40,9,214,93.02325581395348,100.0,9380,70.69641242086222,2001,7379,True,True
Kirguistán,1992,2022,31,31,100.0,41,9,219,95.34883720930233,100.0,7410,109.14714980114893,0,7410,False,True
Kiribati,1961,2022,62,62,100.0,35,8,188,81.3953488372093,88.88888888888889,7686,65.94028826355525,1508,6178,True,True
Kuwait,1961,2022,62,62,100.0,41,9,224,95.34883720930233,100.0,9371,67.47551843317973,1831,7540,True,True
Lesotho,1961,2022,62,62,100.0,39,9,211,90.69767441860465,100.0,8928,68.24644549763033,1914,7014,True,True
Letonia,1992,2022,31,31,100.0,40,9,226,93.02325581395348,100.0,8542,121.92406508706823,0,8542,False,True
Líbano,1961,2022,62,62,100.0,40,9,218,93.02325581395348,100.0,9237,68.34122521456052,1943,7294,True,True
Liberia,1961,2022,62,62,100.0,39,9,204,90.69767441860465,100.0,8636,68.27956989247312,1943,6693,True,True
Libia,1961,2022,62,62,100.0,40,9,214,93.02325581395348,100.0,8961,67.53843834790473,1914,7047,True,True
Liechtenstein,1961,2022,62,62,100.0,34,9,171,79.06976744186046,100.0,6607,62.31843048481419,377,6230,True,True
Lituania,1992,2022,31,31,100.0,41,9,230,95.34883720930233,100.0,8531,119.64936886395512,0,8531,False,True
Luxemburgo,2000,2022,23,23,100.0,40,9,226,93.02325581395348,100.0,6070,116.77568295498268,0,6070,False,True
Macedonia del Norte,1992,2022,31,31,100.0,40,9,226,93.02325581395348,100.0,7587,108.29289180702256,0,7587,False,True
Madagascar,1961,2022,62,62,100.0,40,9,213,93.02325581395348,100.0,9190,69.58958049371498,1972,7218,True,True
Malasia,1961,2022,62,62,100.0,42,9,229,97.67441860465115,100.0,10246,72.16509367516551,2088,8158,True,True
Malawi,1961,2022,62,62,100.0,41,9,217,95.34883720930233,100.0,9148,67.99464843169318,1972,7176,True,True
Maldivas,1961,2022,62,62,100.0,34,9,184,79.06976744186046,100.0,7232,63.394109396914445,1160,6072,True,True
Malí,1961,2022,62,62,100.0,40,9,214,93.02325581395348,100.0,9233,69.5884835694905,2001,7232,True,True
Malta,1961,2022,62,62,100.0,40,9,222,93.02325581395348,100.0,10424,75.73379831444348,1943,8481,True,True
Marruecos,1961,2022,62,62,100.0,42,9,225,97.67441860465115,100.0,9696,69.50537634408602,2001,7695,True,True
Martinica,1961,2022,62,62,100.0,30,8,156,69.76744186046511,88.88888888888889,5987,61.90033085194375,1479,4508,True,True
Mauricio,1961,2022,62,62,100.0,40,9,216,93.02325581395348,100.0,9246,69.04121863799283,1980,7266,True,True
Mauritania,1961,2022,62,62,100.0,40,9,216,93.02325581395348,100.0,9234,68.95161290322581,2030,7204,True,True
Mayotte,1990,2022,33,33,100.0,24,6,114,55.81395348837209,66.66666666666666,3690,98.08612440191388,0,3690,False,True
México,1961,2022,62,62,100.0,42,9,228,97.67441860465115,100.0,10352,73.23146576117713,2030,8322,True,True
Micronesia (Estados Federados de),1991,2022,32,32,100.0,40,8,199,93.02325581395348,88.88888888888889,6261,98.31972361809045,0,6261,False,True
Mónaco,1961,2022,62,62,100.0,25,7,107,58.139534883720934,77.77777777777779,3963,59.7377148025324,377,3586,True,True
Mongolia,1961,2022,62,62,100.0,39,9,214,90.69767441860465,100.0,9320,70.24419656315948,1914,7406,True,True
Montenegro,2006,2022,17,17,100.0,40,9,225,93.02325581395348,100.0,3977,103.97385620915031,0,3977,False,True
Montserrat,1990,2022,33,33,100.0,33,8,175,76.74418604651163,88.88888888888889,5665,98.09523809523809,0,5665,False,True
Mozambique,1961,2022,62,62,100.0,41,9,220,95.34883720930233,100.0,9413,69.01026392961876,2001,7412,True,True
Myanmar,1961,2022,62,62,100.0,42,9,228,97.67441860465115,100.0,9801,69.33361629881153,2030,7771,True,True
Namibia,1961,2022,62,62,100.0,38,9,207,88.37209302325581,100.0,9229,71.91055010129344,1943,7286,True,True
Nauru,1961,2022,62,62,100.0,36,8,189,83.72093023255815,88.88888888888889,7386,63.031233998975935,1276,6110,True,True
Nepal,1961,2022,62,62,100.0,40,9,211,93.02325581395348,100.0,8943,68.36110686439383,1943,7000,True,True
Nicaragua,1961,2022,62,62,100.0,40,9,215,93.02325581395348,100.0,9105,68.304576144036,1972,7133,True,True
Níger,1961,2022,62,62,100.0,40,9,213,93.02325581395348,100.0,9043,68.4764500984401,1972,7071,True,True
Nigeria,1961,2022,62,62,100.0,42,9,224,97.67441860465115,100.0,9468,68.17396313364056,2030,7438,True,True
Niue,1961,2022,62,62,100.0,37,8,190,86.04651162790698,88.88888888888889,7482,63.51443123938879,1276,6206,True,True
Noruega,1961,2022,62,62,100.0,40,9,223,93.02325581395348,100.0,10953,79.22030956169536,1943,9010,True,True
Nueva Caledonia,1961,2022,62,62,100.0,37,9,198,86.04651162790698,100.0,8113,66.08830237862496,1624,6489,True,True
Nueva Zelandia,1961,2022,62,62,100.0,41,9,228,95.34883720930233,100.0,11203,79.25155631013017,2001,9202,True,True
Omán,1961,2022,62,62,100.0,41,9,224,95.34883720930233,100.0,9405,67.72033410138249,1943,7462,True,True
Países Bajos (Reino de los),1961,2022,62,62,100.0,41,9,231,95.34883720930233,100.0,11300,78.89959502862729,2001,9299,True,True
Pakistán,1961,2022,62,62,100.0,42,9,227,97.67441860465115,100.0,9511,67.57851357112405,2001,7510,True,True
Palau,1991,2022,32,32,100.0,33,7,167,76.74418604651163,77.77777777777779,4783,89.50224550898204,0,4783,False,True
Palestina,1990,2022,33,33,100.0,34,9,192,79.06976744186046,100.0,6055,95.56502525252525,0,6055,False,True
Panamá,1961,2022,62,62,100.0,41,9,220,95.34883720930233,100.0,9326,68.37243401759531,2030,7296,True,True
Papua Nueva Guinea,1961,2022,62,62,100.0,40,9,212,93.02325581395348,100.0,9048,68.83749239196591,1972,7076,True,True
Paraguay,1961,2022,62,62,100.0,41,9,224,95.34883720930233,100.0,9880,71.1405529953917,2030,7850,True,True
Perú,1961,2022,62,62,100.0,42,9,226,97.67441860465115,100.0,9593,68.46274621752784,2030,7563,True,True
Pitcairn,1990,2022,33,33,100.0,19,6,92,44.18604651162791,66.66666666666666,3036,100.0,0,3036,False,True
Polinesia Francesa,1961,2022,62,62,100.0,34,8,179,79.06976744186046,88.88888888888889,7523,67.78698864660299,1624,5899,True,True
Polonia,1961,2022,62,62,100.0,41,9,231,95.34883720930233,100.0,11395,79.5629102080715,2001,9394,True,True
Portugal,1961,2022,62,62,100.0,42,9,234,97.67441860465115,100.0,11607,80.00413564929694,2088,9519,True,True
Puerto Rico,1961,2022,62,62,100.0,34,9,180,79.06976744186046,100.0,7485,67.06989247311827,1595,5890,True,True
Qatar,1961,2022,62,62,100.0,41,9,224,95.34883720930233,100.0,9220,66.38824884792626,1823,7397,True,True
Reino Unido de Gran Bretaña e Irlanda del Norte,1961,2022,62,62,100.0,41,9,230,95.34883720930233,100.0,11137,78.09957924263674,2001,9136,True,True
República Árabe Siria,1961,2022,62,62,100.0,42,9,226,97.67441860465115,100.0,9317,66.49300599486155,1972,7345,True,True
República Centroafricana,1961,2022,62,62,100.0,40,9,213,93.02325581395348,100.0,9133,69.15795850371043,1972,7161,True,True
República de Corea,1961,2022,62,62,100.0,42,9,227,97.67441860465115,100.0,10394,73.85249396049453,2030,8364,True,True
República de Moldova,1992,2022,31,31,100.0,40,9,225,93.02325581395348,100.0,7611,109.11827956989247,0,7611,False,True
República Democrática del Congo,1961,2022,62,62,100.0,41,9,219,95.34883720930233,100.0,9477,69.79673000441892,1972,7505,True,True
República Democrática Popular Lao,1961,2022,62,62,100.0,40,9,212,93.02325581395348,100.0,8997,68.4494826536823,1972,7025,True,True
República Dominicana,1961,2022,62,62,100.0,41,9,223,95.34883720930233,100.0,9601,69.44163170837552,2030,7571,True,True
República Popular Democrática de Corea,1961,2022,62,62,100.0,40,9,218,93.02325581395348,100.0,9096,67.29801716484167,2030,7066,True,True
República Unida de Tanzanía,1961,2022,62,62,100.0,41,9,216,95.34883720930233,100.0,9061,67.65979689366786,1943,7118,True,True
Reunión,1961,2022,62,62,100.0,34,8,176,79.06976744186046,88.88888888888889,6619,60.65799120234604,1636,4983,True,True
Rumanía,1961,2022,62,62,100.0,42,9,233,97.67441860465115,100.0,11547,79.93216115187595,2088,9459,True,True
Rwanda,1961,2022,62,62,100.0,40,9,214,93.02325581395348,100.0,9005,67.87006331022008,1983,7022,True,True
Sáhara Occidental,1990,2022,33,33,100.0,28,8,143,65.11627906976744,88.88888888888889,4670,98.96164441618987,0,4670,False,True
Saint Kitts y Nevis,1961,2022,62,62,100.0,36,9,190,83.72093023255815,100.0,8021,68.08998302207131,1885,6136,True,True
Samoa,1961,2022,62,62,100.0,38,9,208,88.37209302325581,100.0,8733,67.71867245657567,1856,6877,True,True
Samoa americana,1990,2022,33,33,100.0,32,8,170,74.4186046511628,88.88888888888889,5757,102.62032085561496,0,5757,False,True
San Marino,1961,2022,62,62,100.0,27,7,111,62.7906976744186,77.77777777777779,3726,54.14123801220575,319,3407,True,True
San Pedro y Miquelón,1990,2022,33,33,100.0,30,8,155,69.76744186046511,88.88888888888889,4953,96.83284457478007,0,4953,False,True
San Vicente y las Granadinas,1961,2022,62,62,100.0,39,9,210,90.69767441860465,100.0,8922,68.52534562211981,1885,7037,True,True
Santa Lucía,1961,2022,62,62,100.0,39,9,215,90.69767441860465,100.0,8603,64.53863465866466,1830,6773,True,True
Santa Sede,1961,2022,62,62,100.0,23,7,92,53.48837209302325,77.77777777777779,3355,58.818373071528754,319,3036,True,True
Santo Tomé y Príncipe,1961,2022,62,62,100.0,39,9,213,90.69767441860465,100.0,8997,68.12812358019083,1943,7054,True,True
Senegal,1961,2022,62,62,100.0,42,9,221,97.67441860465115,100.0,9486,69.23076923076923,1972,7514,True,True
Serbia,2006,2022,17,17,100.0,41,9,226,95.34883720930233,100.0,3944,102.65486725663717,0,3944,False,True
Serbia y Montenegro,1992,2005,14,14,100.0,40,9,216,93.02325581395348,100.0,2985,98.71031746031747,0,2985,False,True
Seychelles,1961,2022,62,62,100.0,37,9,195,86.04651162790698,100.0,8100,66.99751861042184,1508,6592,True,True
Sierra Leona,1961,2022,62,62,100.0,40,9,211,93.02325581395348,100.0,9009,68.86561687815319,1972,7037,True,True
Singapur,1961,2022,62,62,100.0,38,9,210,88.37209302325581,100.0,8493,65.23041474654377,1763,6730,True,True
Somalia,1961,2022,62,62,100.0,40,9,209,93.02325581395348,100.0,8859,68.3670319493749,1974,6885,True,True
Sri Lanka,1961,2022,62,62,100.0,41,9,220,95.34883720930233,100.0,9295,68.14516129032258,1972,7323,True,True
Sudáfrica,1961,2022,62,62,100.0,41,9,222,95.34883720930233,100.0,9662,70.19761697181052,2030,7632,True,True
Sudán,2012,2022,11,11,100.0,41,9,219,95.34883720930233,100.0,2475,102.73972602739727,0,2475,False,True
Sudán (ex),1961,2011,51,51,100.0,41,9,216,95.34883720930233,100.0,6772,61.47421931735657,1972,4800,True,True
Sudán del Sur,2012,2022,11,11,100.0,39,9,205,90.69767441860465,100.0,2335,103.54767184035477,0,2335,False,True
Suecia,1961,2022,62,62,100.0,40,9,223,93.02325581395348,100.0,10787,78.0196730797049,1943,8844,True,True
Suiza,1961,2022,62,62,100.0,40,9,226,93.02325581395348,100.0,11136,79.47473594062232,2001,9135,True,True
Suriname,1961,2022,62,62,100.0,41,9,222,95.34883720930233,100.0,9235,67.09532112757918,2001,7234,True,True
Tailandia,1961,2022,62,62,100.0,42,9,226,97.67441860465115,100.0,9721,69.37624892948901,2030,7691,True,True
Tayikistán,1992,2022,31,31,100.0,42,9,223,97.67441860465115,100.0,7403,107.08809489367859,0,7403,False,True
Territorio de las Islas del Pacífico,1961,1990,30,30,100.0,26,6,126,60.46511627906976,66.66666666666666,474,12.53968253968254,348,126,True,True
Timor-Leste,1961,2022,62,62,100.0,40,9,212,93.02325581395348,100.0,8670,65.96165550821668,1856,6814,True,True
Togo,1961,2022,62,62,100.0,41,9,220,95.34883720930233,100.0,9576,70.20527859237536,2001,7575,True,True
Tokelau,1961,2022,62,62,100.0,29,8,150,67.44186046511628,88.88888888888889,6110,65.6989247311828,1160,4950,True,True
Tonga,1961,2022,62,62,100.0,38,8,195,88.37209302325581,88.88888888888889,7829,64.75599669148056,1508,6321,True,True
Trinidad y Tabago,1961,2022,62,62,100.0,42,9,226,97.67441860465115,100.0,9426,67.27091064801598,2001,7425,True,True
Túnez,1961,2022,62,62,100.0,41,9,222,95.34883720930233,100.0,9499,69.0133682069166,1914,7585,True,True
Türkiye,1961,2022,62,62,100.0,42,9,233,97.67441860465115,100.0,11544,79.91139415755227,2088,9456,True,True
Turkmenistán,1992,2022,31,31,100.0,41,9,223,95.34883720930233,100.0,6975,100.89686098654708,0,6975,False,True
Tuvalu,1961,2022,62,62,100.0,36,8,185,83.72093023255815,88.88888888888889,7265,63.33914559721011,1218,6047,True,True
Ucrania,1992,2022,31,31,100.0,42,9,233,97.67441860465115,100.0,8877,122.89907240758689,0,8877,False,True
Uganda,1961,2022,62,62,100.0,41,9,216,95.34883720930233,100.0,9149,68.31690561529271,1943,7206,True,True
URSS,1961,1991,31,31,100.0,41,9,223,95.34883720930233,100.0,2534,36.65557645016636,2088,446,True,True
Uruguay,1961,2022,62,62,100.0,42,9,226,97.67441860465115,100.0,9652,68.88381387382245,2030,7622,True,True
Uzbekistán,1992,2022,31,31,100.0,41,9,221,95.34883720930233,100.0,7384,107.77988614800759,0,7384,False,True
Vanuatu,1961,2022,62,62,100.0,37,9,203,86.04651162790698,100.0,8518,67.67837279516924,1856,6662,True,True
Venezuela (República Bolivariana de),1961,2022,62,62,100.0,42,9,225,97.67441860465115,100.0,9474,67.91397849462366,2030,7444,True,True
Viet Nam,1961,2022,62,62,100.0,42,9,225,97.67441860465115,100.0,9700,69.53405017921148,2030,7670,True,True
Yemen,1961,2022,62,62,100.0,39,9,213,90.69767441860465,100.0,8998,68.13569589580494,1885,7113,True,True
Yugoslav RFS,1961,1991,31,31,100.0,40,9,217,93.02325581395348,100.0,2522,37.490709082800656,2088,434,True,True
Zambia,1961,2022,62,62,100.0,41,9,222,95.34883720930233,100.0,9403,68.315896541703,2009,7394,True,True
Zimbabwe,1961,2022,62,62,100.0,41,9,222,95.34883720930233,100.0,9593,69.69630921243825,2030,7563,True,True
Mundo,1961,2022,62,62,100.0,43,9,241,100.0,100.0,12268,82.10413599250434,2088,10180,True,True
África,1961,2022,62,62,100.0,42,9,227,97.67441860465115,100.0,9777,69.46852351854483,2088,7689,True,True
África oriental,1961,2022,62,62,100.0,42,9,227,97.67441860465115,100.0,9765,69.38325991189427,2088,7677,True,True
África central,1961,2022,62,62,100.0,41,9,220,95.34883720930233,100.0,9488,69.56011730205279,2030,7458,True,True
África septentrional,1961,2022,62,62,100.0,42,9,227,97.67441860465115,100.0,9777,69.46852351854483,2088,7689,True,True
África meridional,1961,2022,62,62,100.0,41,9,220,95.34883720930233,100.0,9488,69.56011730205279,2030,7458,True,True
África occidental,1961,2022,62,62,100.0,42,9,222,97.67441860465115,100.0,9554,69.41296134844522,2030,7524,True,True
Américas,1961,2022,62,62,100.0,42,9,230,97.67441860465115,100.0,9907,69.47405329593268,2088,7819,True,True
América septentrional,1961,2022,62,62,100.0,42,9,230,97.67441860465115,100.0,9907,69.47405329593268,2088,7819,True,True
América central,1961,2022,62,62,100.0,42,9,227,97.67441860465115,100.0,9731,69.14167969305102,2030,7701,True,True
El Caribe,1961,2022,62,62,100.0,42,9,229,97.67441860465115,100.0,9825,69.19988730807157,2088,7737,True,True
América del Sur,1961,2022,62,62,100.0,42,9,226,97.67441860465115,100.0,9686,69.12646303168712,2030,7656,True,True
Asia,1961,2022,62,62,100.0,42,9,230,97.67441860465115,100.0,9906,69.46704067321178,2088,7818,True,True
Asia central,1992,2022,31,31,100.0,42,9,229,97.67441860465115,100.0,7311,102.98633610367658,0,7311,False,True
Asia oriental,1961,2022,62,62,100.0,42,9,230,97.67441860465115,100.0,9876,69.25666199158485,2088,7788,True,True
Asia meridional,1961,2022,62,62,100.0,42,9,229,97.67441860465115,100.0,9843,69.32666572756726,2088,7755,True,True
Asia sudoriental,1961,2022,62,62,100.0,42,9,229,97.67441860465115,100.0,9843,69.32666572756726,2088,7755,True,True
Asia occidental,1961,2022,62,62,100.0,42,9,230,97.67441860465115,100.0,9906,69.46704067321178,2088,7818,True,True
Europa,1961,2022,62,62,100.0,42,9,230,97.67441860465115,100.0,9909,69.48807854137448,2088,7821,True,True
Europa oriental,1961,2022,62,62,100.0,42,9,230,97.67441860465115,100.0,9905,69.46002805049089,2088,7817,True,True
Europa septentrional,1961,2022,62,62,100.0,41,9,227,95.34883720930233,100.0,9723,69.08483728861731,2001,7722,True,True
Europa meridional,1961,2022,62,62,100.0,42,9,230,97.67441860465115,100.0,9904,69.45301542776998,2088,7816,True,True
Europa occidental,1961,2022,62,62,100.0,42,9,230,97.67441860465115,100.0,9908,69.48106591865357,2088,7820,True,True
Oceanía,1961,2022,62,62,100.0,42,9,230,97.67441860465115,100.0,9906,69.46704067321178,2088,7818,True,True
Australia y Nueva Zelandia,1961,2022,62,62,100.0,42,9,228,97.67441860465115,100.0,9840,69.60950764006792,2088,7752,True,True
Melanesia,1961,2022,62,62,100.0,42,9,223,97.67441860465115,100.0,9360,67.69853898452192,2001,7359,True,True
Micronesia,1961,2022,62,62,100.0,41,8,217,95.34883720930233,88.88888888888889,8756,65.0810167979783,1624,7132,True,True
Polinesia,1961,2022,62,62,100.0,39,9,211,90.69767441860465,100.0,9162,70.03516281914081,2001,7161,True,True
Unión Europea (27),1961,2022,62,62,100.0,42,9,232,97.67441860465115,100.0,11614,80.74249165739711,2088,9526,True,True
Los países menos desarrollados,1961,2022,62,62,100.0,42,9,230,97.67441860465115,100.0,9870,69.21458625525946,2088,7782,True,True
Países sin litoral en vías de desarrollo,1961,2022,62,62,100.0,42,9,230,97.67441860465115,100.0,9902,69.43899018232818,2088,7814,True,True
Pequeñas islas en vías de Desarrollo,1961,2022,62,62,100.0,42,9,230,97.67441860465115,100.0,9876,69.25666199158485,2088,7788,True,True
Países de bajos ingresos y con déficit de alim.,1961,2022,62,62,100.0,42,9,230,97.67441860465115,100.0,9902,69.43899018232818,2088,7814,True,True
Import netos alim en Des,1961,2022,62,62,100.0,42,9,230,97.67441860465115,100.0,9906,69.46704067321178,2088,7818,True,True
Países Anexo I,1961,2022,62,62,100.0,42,9,233,97.67441860465115,100.0,11920,82.51419077945452,2088,9832,True,True
Países No-Anexo I,1961,2022,62,62,100.0,42,9,233,97.67441860465115,100.0,11767,81.45507406894642,2088,9679,True,True
OECD,1961,2022,62,62,100.0,42,9,230,97.67441860465115,100.0,9909,69.48807854137448,2088,7821,True,True
